forecast init,lead_time,reanalysis,nrmse,dssim,wavesim,wavesim_components
2016-01-01T00:00:00,1 days 06:00:00,2016-01-02T06:00:00,0.9462750814855099,0.45256781578063965,0.6751445531845093,"{'magnitude': array([0.6632896, 0.8615503, 0.9749982, 0.9539681], dtype=float32), 'displacement': array([0.768083  , 0.82802624, 0.82057744, 0.9031873 ], dtype=float32), 'structural': array([0.81233454, 0.9431016 , 0.97559977, 0.96724457], dtype=float32)}"
2016-01-01T00:00:00,2 days 06:00:00,2016-01-03T06:00:00,0.9565791115164757,0.45883482694625854,0.6372620463371277,"{'magnitude': array([0.5681902 , 0.83791524, 0.9856112 , 0.79196024], dtype=float32), 'displacement': array([0.7738235 , 0.88766426, 0.8843223 , 0.921927  ], dtype=float32), 'structural': array([0.78095156, 0.91696566, 0.98079175, 0.9159971 ], dtype=float32)}"
2016-01-01T00:00:00,3 days 06:00:00,2016-01-04T06:00:00,0.9687193669378757,0.46084079146385193,0.603075385093689,"{'magnitude': array([0.45124793, 0.70934844, 0.9808471 , 0.9430425 ], dtype=float32), 'displacement': array([0.75253963, 0.78745776, 0.89357316, 0.92137223], dtype=float32), 'structural': array([0.7267269 , 0.86324763, 0.9718204 , 0.95703727], dtype=float32)}"
2016-01-01T00:00:00,4 days 06:00:00,2016-01-05T06:00:00,0.9532698057591915,0.3489469587802887,0.5261139869689941,"{'magnitude': array([0.5398431, 0.7715704, 0.9067401, 0.957458 ], dtype=float32), 'displacement': array([0.71754783, 0.7322058 , 0.7573834 , 0.69314027], dtype=float32), 'structural': array([0.7774748, 0.8924684, 0.968626 , 0.9551507], dtype=float32)}"
2016-01-01T00:00:00,5 days 06:00:00,2016-01-06T06:00:00,0.948759563267231,0.2434205412864685,0.5180194973945618,"{'magnitude': array([0.7813734 , 0.9346263 , 0.871119  , 0.86728954], dtype=float32), 'displacement': array([0.57348704, 0.6400105 , 0.68645424, 0.762378  ], dtype=float32), 'structural': array([0.7921921, 0.9110065, 0.9327978, 0.9291492], dtype=float32)}"
2016-01-01T00:00:00,6 days 06:00:00,2016-01-07T06:00:00,0.908429317176342,0.27351894974708557,0.5135167837142944,"{'magnitude': array([0.45226425, 0.67795515, 0.90107524, 0.94451153], dtype=float32), 'displacement': array([0.7550099 , 0.7564021 , 0.7956884 , 0.81040114], dtype=float32), 'structural': array([0.69736755, 0.8334102 , 0.91523856, 0.9567911 ], dtype=float32)}"
2016-01-01T00:00:00,7 days 06:00:00,2016-01-08T06:00:00,0.9422720335423946,0.22783158719539642,0.522716224193573,"{'magnitude': array([0.8190966, 0.9327132, 0.7865866, 0.8007132], dtype=float32), 'displacement': array([0.601938  , 0.7619229 , 0.72932166, 0.77198887], dtype=float32), 'structural': array([0.73429185, 0.88283426, 0.93624485, 0.9129536 ], dtype=float32)}"
2016-01-01T00:00:00,8 days 06:00:00,2016-01-09T06:00:00,0.9191556498408318,0.19324542582035065,0.5458917021751404,"{'magnitude': array([0.51061606, 0.7619491 , 0.97938234, 0.9417221 ], dtype=float32), 'displacement': array([0.7603214 , 0.7992237 , 0.74719894, 0.7507958 ], dtype=float32), 'structural': array([0.74875724, 0.88257116, 0.9590142 , 0.9244407 ], dtype=float32)}"
2016-01-01T00:00:00,9 days 06:00:00,2016-01-10T06:00:00,0.9327404871582985,0.20128555595874786,0.40792667865753174,"{'magnitude': array([0.77702177, 0.88144505, 0.65859866, 0.42583364], dtype=float32), 'displacement': array([0.6653089 , 0.69213146, 0.70343363, 0.62993544], dtype=float32), 'structural': array([0.8928649, 0.9386092, 0.8472225, 0.7642464], dtype=float32)}"
